# type (r[1-9];w;u),circuit,name,comment,QQ,ZZ,PBSB,ID,field,part (m/s),type / templates,divider / values,unit,comment,field,part (m/s),type / templates,divider / values,unit,comment,field,part (m/s),type / templates,divider / values,unit,comment,field,part (m/s),type / templates,divider / values,unit,comment,AG,AH,,,,,,,,,,,,,,,
,,,,,,,,,,,,,,,,,,,,,,,,,,,,,,,,,,,,,,,,,,,,,,,,
# System broadcast,,,,,,,,,,,,,,,,,,,,,,,,,,,,,,,,,,,,,,,,,,,,,,,,
w,broadcast,ebus_reset,Reset ebus,,fe,2034,,,,,,,,,,,,,,,,,,,,,,,,,,,,,,,,,,,,,,,,,,
# Sent every 4 minutes by boiler,,,,,,,,,,,,,,,,,,,,,,,,,,,,,,,,,,,,,,,,,,,,,,,,
# Sent every minute by Easy Control Bus,,,,,,,,,,,,,,,,,,,,,,,,,,,,,,,,,,,,,,,,,,,,,,,,
r,broadcast,cast_slave_addr,Cast slave address,,fe,203b,,,m,HEX,,,,,,,,,,,,,,,,,,,,,,,,,,,,,,,,,,,,,,
,,,,,,,,,,,,,,,,,,,,,,,,,,,,,,,,,,,,,,,,,,,,,,,,
# Every 120min,,,,,,,,,,,,,,,,,,,,,,,,,,,,,,,,,,,,,,,,,,,,,,,,
r,boiler,boiler_life_time,Boiler life time (min),,3c,2000,50d9,,s,IGN:1,,,field value = dict key for HA integration,,s,UIN,,min,,,,,,,,,,,,,,,,,,,,,,,,,,,,,,
r,boiler,burner_heat_life_time,Burner heat life time,,3c,2000,4bd1,,s,IGN:1,,,field value = dict key for HA integration,,s,UIN,10,h,,,,,,,,,,,,,,,,,,,,,,,,,,,,,,
,,,,,,,,,,,,,,,,,,,,,,,,,,,,,,,,,,,,,,,,,,,,,,,,
,,,,,,,,,,,,,,,,,,,,,,,,,,,,,,,,,,,,,,,,,,,,,,,,
# Explicit read queries,,,,,,,,,,,,,,,,,,,,,,,,,,,,,,,,,,,,,,,,,,,,,,,,
## Misc,,,,,,,,,,,,,,,,,,,,,,,,,,,,,,,,,,,,,,,,,,,,,,,,
r,boiler,heating_flame,Heating in progress,,3c,2000,0c19,,s,IGN:1,,,field value = dict key for HA integration,onoff,s,onoff,,,,,,,,,,,,,,,,,,,,,,,,,,,,,,,,
r,boiler,ignition_cycles,Number of ignition cycles,,3c,2000,42d8,,s,IGN:1,,,field value = dict key for HA integration,,s,UIN,,,,,,,,,,,,,,,,,,,,,,,,,,,,,,,,
r,boiler,fan_speed,Fan speed,,3c,2000,4013,,s,IGN:1,,,field value = dict key for HA integration,,s,UIN,100,rpm,,,,,,,,,,,,,,,,,,,,,,,,,,,,,,
r,boiler,flame_active,Flame active,,3c,2000,0e11,,s,IGN:1,,,field value = dict key for HA integration,onoff,s,onoff,,,,,,,,,,,,,,,,,,,,,,,,,,,,,,,,
r9,boiler,error_slot_9,Error Slot 9 (last error),,3c,2002,0400,,s,error_code,,,7 first bits of byte,zone,s,BI0:7,,,,,s,IGN:2,,,Date: YY/MM/DD,year,s,UCH,,,,month,s,UCH,,,,day,s,UCH,,,,time,s,HTM,,
#r9,boiler,error_slot_8,Error Slot 8,,3c,2002,0401,,s,error_code,,,7 first bits of byte,zone,s,BI0:7,,,,,s,IGN:2,,,Date: YY/MM/DD,year,s,UCH,,,,month,s,UCH,,,,day,s,UCH,,,,time,s,HTM,,
#r9,boiler,error_slot_7,Error Slot 7,,3c,2002,0402,,s,error_code,,,7 first bits of byte,zone,s,BI0:7,,,,,s,IGN:2,,,Date: YY/MM/DD,year,s,UCH,,,,month,s,UCH,,,,day,s,UCH,,,,time,s,HTM,,
#r9,boiler,error_slot_6,Error Slot 6,,3c,2002,0403,,s,error_code,,,7 first bits of byte,zone,s,BI0:7,,,,,s,IGN:2,,,Date: YY/MM/DD,year,s,UCH,,,,month,s,UCH,,,,day,s,UCH,,,,time,s,HTM,,
#r9,boiler,error_slot_5,Error Slot 5,,3c,2002,0404,,s,error_code,,,7 first bits of byte,zone,s,BI0:7,,,,,s,IGN:2,,,Date: YY/MM/DD,year,s,UCH,,,,month,s,UCH,,,,day,s,UCH,,,,time,s,HTM,,
#r9,boiler,error_slot_4,Error Slot 4,,3c,2002,0405,,s,error_code,,,7 first bits of byte,zone,s,BI0:7,,,,,s,IGN:2,,,Date: YY/MM/DD,year,s,UCH,,,,month,s,UCH,,,,day,s,UCH,,,,time,s,HTM,,
#r9,boiler,error_slot_3,Error Slot 3,,3c,2002,0406,,s,error_code,,,7 first bits of byte,zone,s,BI0:7,,,,,s,IGN:2,,,Date: YY/MM/DD,year,s,UCH,,,,month,s,UCH,,,,day,s,UCH,,,,time,s,HTM,,
#r9,boiler,error_slot_2,Error Slot 2,,3c,2002,0407,,s,error_code,,,7 first bits of byte,zone,s,BI0:7,,,,,s,IGN:2,,,Date: YY/MM/DD,year,s,UCH,,,,month,s,UCH,,,,day,s,UCH,,,,time,s,HTM,,
#r9,boiler,error_slot_1,Error Slot 1,,3c,2002,0408,,s,error_code,,,7 first bits of byte,zone,s,BI0:7,,,,,s,IGN:2,,,Date: YY/MM/DD,year,s,UCH,,,,month,s,UCH,,,,day,s,UCH,,,,time,s,HTM,,
#r9,boiler,error_slot_0,Error Slot 0,,3c,2002,0409,,s,error_code,,,7 first bits of byte,zone,s,BI0:7,,,,,s,IGN:2,,,Date: YY/MM/DD,year,s,UCH,,,,month,s,UCH,,,,day,s,UCH,,,,time,s,HTM,,
,,,,,,,,,,,,,,,,,,,,,,,,,,,,,,,,,,,,,,,,,,,,,,,,
## DHW settings,,,,,,,,,,,,,,,,,,,,,,,,,,,,,,,,,,,,,,,,,,,,,,,,
r1,dhw,dhw_status,DHW heating status,,3c,2000,0220,,s,IGN:1,,,field value = dict key for HA integration,onoff,s,onoff,,,,,,,,,,,,,,,,,,,,,,,,,,,,,,,,
r3,dhw,dhw_target_temp,DHW target temp,,3c,2000,6126,,s,IGN:1,,,field value = dict key for HA integration,,s,SIN,10,°C,,,,,,,,,,,,,,,,,,,,,,,,,,,,,,
r,dhw,dhw_antifreeze_temp,DHW antifreeze temp,,3c,2000,6426,,s,IGN:1,,,field value = dict key for HA integration,,s,SIN,10,°C,,,,,,,,,,,,,,,,,,,,,,,,,,,,,,
r1,dhw,dhw_comfort_mode_status_w,DHW comfort mode,,3c,2000,c028,,s,IGN:1,,,field value = dict key for HA integration,dhw_comfort_mode,s,dhw_comfort_mode,,,,,,,,,,,,,,,,,,,,,,,,,,,,,,,,
r,dhw,celectic_status,Celectic status,,3c,2000,0f20,,s,IGN:1,,,field value = dict key for HA integration,onoff,s,onoff,,,,,,,,,,,,,,,,,,,,,,,,,,,,,,,,
,,,,,,,,,,,,,,,,,,,,,,,,,,,,,,,,,,,,,,,,,,,,,,,,
,,,,,,,,,,,,,,,,,,,,,,,,,,,,,,,,,,,,,,,,,,,,,,,,
## Heat settings,,,,,,,,,,,,,,,,,,,,,,,,,,,,,,,,,,,,,,,,,,,,,,,,
r1,boiler,heating_status,Heating status,,3c,2000,0120,,s,IGN:1,,,field value = dict key for HA integration,onoff,s,onoff,,,,,,,,,,,,,,,,,,,,,,,,,,,,,,,,
r9,boiler,sra_status,SRA status,,3c,2000,0520,,s,IGN:1,,,field value = dict key for HA integration,onoff,s,onoff,,,,,,,,,,,,,,,,,,,,,,,,,,,,,,,,
r2,boiler,water_temp_out,Water departure temp,,3c,2000,6810,,s,IGN:1,,,field value = dict key for HA integration,,s,SIN,10,°C,,,,,,,,,,,,,,,,,,,,,,,,,,,,,,
r2,boiler,water_temp_in,Water return temp,,3c,2000,6910,,s,IGN:1,,,field value = dict key for HA integration,,s,SIN,10,°C,,,,,,,,,,,,,,,,,,,,,,,,,,,,,,
r1,boiler,ext_temp,External temp,,3c,2000,7647,,s,IGN:1,,,field value = dict key for HA integration,,s,SIN,10,°C,,,,,,,,,,,,,,,,,,,,,,,,,,,,,,
r3,boiler,ext_temp_offset,External temp offset,,3c,2000,7426,,s,IGN:1,,,field value = dict key for HA integration,,s,SIN,10,°C,,,,,,,,,,,,,,,,,,,,,,,,,,,,,,
r5,boiler,boost_time,Boost time (s),,3c,2000,602b,,s,IGN:1,,,field value = dict key for HA integration,,s,UIN,,s,,,,,,,,,,,,,,,,,,,,,,,,,,,,,,
,,,,,,,,,,,,,,,,,,,,,,,,,,,,,,,,,,,,,,,,,,,,,,,,
## Z1 settings,,,,,,,,,,,,,,,,,,,,,,,,,,,,,,,,,,,,,,,,,,,,,,,,
r1,boiler,z1_heating_activation,Z1 Activation of the heating,,3c,2000,1919,,s,IGN:1,,,field value = dict key for HA integration,onoff,s,onoff,,,,,,,,,,,,,,,,,,,,,,,,,,,,,,,,
r4,boiler,z1_thermoreg_slope,Z1 Thermoregulation slope,,3c,2000,6a71,,s,IGN:1,,,field value = dict key for HA integration,,s,UIN,100,,,,,,,,,,,,,,,,,,,,,,,,,,,,,,,
r2,boiler,z1_thermoreg_offset,Z1 Thermoregulation offset,,3c,2000,6471,,s,IGN:1,,,field value = dict key for HA integration,,s,SIN,10,°C,,,,,,,,,,,,,,,,,,,,,,,,,,,,,,
r4,boiler,z1_room_temp_infl,Z1 Room temp influence,,3c,2000,c279,,s,IGN:1,,,field value = dict key for HA integration,,s,UCH,,,,,,,,,,,,,,,,,,,,,,,,,,,,,,,,
r4,boiler,z1_water_max_temp,Z1 Max water temp,,3c,2000,6071,,s,IGN:1,,,field value = dict key for HA integration,,s,SIN,10,°C,,,,,,,,,,,,,,,,,,,,,,,,,,,,,,
r4,boiler,z1_water_min_temp,Z1 Min water temp,,3c,2000,6171,,s,IGN:1,,,field value = dict key for HA integration,,s,SIN,10,°C,,,,,,,,,,,,,,,,,,,,,,,,,,,,,,
r5,boiler,z1_day_temp,Z1 Day temperature,,3c,2000,6271,,s,IGN:1,,,field value = dict key for HA integration,,s,SIN,10,°C,,,,,,,,,,,,,,,,,,,,,,,,,,,,,,
r5,boiler,z1_night_temp,Z1 Night temperature,,3c,2000,6371,,s,IGN:1,,,field value = dict key for HA integration,,s,SIN,10,°C,,,,,,,,,,,,,,,,,,,,,,,,,,,,,,
r5,boiler,z1_thermoreg_type,Z1 Thermoregulation type,,3c,2000,c079,,s,IGN:1,,,field value = dict key for HA integration,thermoreg_type,s,thermoreg_type,,,,,,,,,,,,,,,,,,,,,,,,,,,,,,,,
r2,boiler,z1_fixed_temp,Z1 Fixed temp,,3c,2000,6571,,s,IGN:1,,,field value = dict key for HA integration,,s,SIN,10,°C,,,,,,,,,,,,,,,,,,,,,,,,,,,,,,
r1,boiler,z1_target_temp,Z1 Target computed temp,,3c,2000,6197,,s,IGN:1,,,field value = dict key for HA integration,,s,SIN,10,°C,,,,,,,,,,,,,,,,,,,,,,,,,,,,,,
r2,boiler,z1_room_temp,Z1 Room temperature,,3c,2000,7118,,s,IGN:1,,,field value = dict key for HA integration,,s,SIN,10,°C,,,,,,,,,,,,,,,,,,,,,,,,,,,,,,
,,,,,,,,,,,,,,,,,,,,,,,,,,,,,,,,,,,,,,,,,,,,,,,,
## Z2 settings,,,,,,,,,,,,,,,,,,,,,,,,,,,,,,,,,,,,,,,,,,,,,,,,
#r1,boiler,z2_heating_activation,Z2 Activation of the heating,,3c,2000,1a19,,s,IGN:1,,,field value = dict key for HA integration,onoff,s,onoff,,,,,,,,,,,,,,,,,,,,,,,,,,,,,,,,
#r4,boiler,z2_thermoreg_slope,Z2 Thermoregulation slope,,3c,2000,6a72,,s,IGN:1,,,field value = dict key for HA integration,,s,UIN,100,,,,,,,,,,,,,,,,,,,,,,,,,,,,,,,
#r2,boiler,z2_thermoreg_offset,Z2 Thermoregulation offset,,3c,2000,6472,,s,IGN:1,,,field value = dict key for HA integration,,s,SIN,10,°C,,,,,,,,,,,,,,,,,,,,,,,,,,,,,,
#r4,boiler,z2_room_temp_infl,Z2 Room temp influence,,3c,2000,c27a,,s,IGN:1,,,field value = dict key for HA integration,,s,UCH,,,,,,,,,,,,,,,,,,,,,,,,,,,,,,,,
#r4,boiler,z2_water_max_temp,Z2 Max water temp,,3c,2000,6072,,s,IGN:1,,,field value = dict key for HA integration,,s,SIN,10,°C,,,,,,,,,,,,,,,,,,,,,,,,,,,,,,
#r4,boiler,z2_water_min_temp,Z2 Min water temp,,3c,2000,6172,,s,IGN:1,,,field value = dict key for HA integration,,s,SIN,10,°C,,,,,,,,,,,,,,,,,,,,,,,,,,,,,,
#r5,boiler,z2_day_temp,Z2 Day temperature,,3c,2000,6272,,s,IGN:1,,,field value = dict key for HA integration,,s,SIN,10,°C,,,,,,,,,,,,,,,,,,,,,,,,,,,,,,
#r5,boiler,z2_night_temp,Z2 Night temperature,,3c,2000,6372,,s,IGN:1,,,field value = dict key for HA integration,,s,SIN,10,°C,,,,,,,,,,,,,,,,,,,,,,,,,,,,,,
#r5,boiler,z2_thermoreg_type,Z2 Thermoregulation type,,3c,2000,c07a,,s,IGN:1,,,field value = dict key for HA integration,thermoreg_type,s,thermoreg_type,,,,,,,,,,,,,,,,,,,,,,,,,,,,,,,,
#r2,boiler,z2_fixed_temp,Z2 Fixed temp,,3c,2000,6572,,s,IGN:1,,,field value = dict key for HA integration,,s,SIN,10,°C,,,,,,,,,,,,,,,,,,,,,,,,,,,,,,
#r1,boiler,z2_target_temp,Z2 Target computed temp,,3c,2000,6297,,s,IGN:1,,,field value = dict key for HA integration,,s,SIN,10,°C,,,,,,,,,,,,,,,,,,,,,,,,,,,,,,
#r2,boiler,z2_room_temp,Z2 Room temperature,,3c,2000,7218,,s,IGN:1,,,field value = dict key for HA integration,,s,SIN,10,°C,,,,,,,,,,,,,,,,,,,,,,,,,,,,,,
,,,,,,,,,,,,,,,,,,,,,,,,,,,,,,,,,,,,,,,,,,,,,,,,
,,,,,,,,,,,,,,,,,,,,,,,,,,,,,,,,,,,,,,,,,,,,,,,,
# Write queries,,,,,,,,,,,,,,,,,,,,,,,,,,,,,,,,,,,,,,,,,,,,,,,,
# Note : All the following rules are ok with dest addr 0x3c instead of broadcast,,,,,,,,,,,,,,,,,,,,,,,,,,,,,,,,,,,,,,,,,,,,,,,,
## DHW settings,,,,,,,,,,,,,,,,,,,,,,,,,,,,,,,,,,,,,,,,,,,,,,,,
w,dhw,dhw_status,DHW heating status,,fe,2020,0220,,s,onoff,,,,,,,,,,,,,,,,,,,,,,,,,,,,,,,,,,,,,,
w,dhw,dhw_target_temp,DHW target temp,,fe,2020,6126,,s,SIN,10,°C,,,,,,,,,,,,,,,,,,,,,,,,,,,,,,,,,,,,
w,dhw,dhw_antifreeze_temp,DHW antifreeze temp,,fe,2020,6426,,s,SIN,10,°C,,,,,,,,,,,,,,,,,,,,,,,,,,,,,,,,,,,,
# naming error 0c28 in original csv instead of c028 ?,,,,,,,,,,,,,,,,,,,,,,,,,,,,,,,,,,,,,,,,,,,,,,,,
w,dhw,dhw_comfort_mode_status_w,DHW comfort mode,,fe,2020,c028,,s,dhw_comfort_mode,,,,,,,,,,,,,,,,,,,,,,,,,,,,,,,,,,,,,,
w,dhw,celectic_status,Celectic status,,fe,2020,0f20,,s,onoff,,,,,,,,,,,,,,,,,,,,,,,,,,,,,,,,,,,,,,
,,,,,,,,,,,,,,,,,,,,,,,,,,,,,,,,,,,,,,,,,,,,,,,,
,,,,,,,,,,,,,,,,,,,,,,,,,,,,,,,,,,,,,,,,,,,,,,,,
## Heat settings,,,,,,,,,,,,,,,,,,,,,,,,,,,,,,,,,,,,,,,,,,,,,,,,
w,boiler,heating_status,Heating status,,fe,2020,0120,,s,onoff,,,,,,,,,,,,,,,,,,,,,,,,,,,,,,,,,,,,,,
w,boiler,sra_status,SRA status,,fe,2020,0520,,s,onoff,,,,,,,,,,,,,,,,,,,,,,,,,,,,,,,,,,,,,,
w,boiler,ext_temp_offset,External temp offset,,fe,2020,7426,,s,SIN,10,°C,,,,,,,,,,,,,,,,,,,,,,,,,,,,,,,,,,,,
w,boiler,boost_time,Boost time (s),,fe,2020,602b,,s,UIN,,s,,,,,,,,,,,,,,,,,,,,,,,,,,,,,,,,,,,,
,,,,,,,,,,,,,,,,,,,,,,,,,,,,,,,,,,,,,,,,,,,,,,,,
## Z1 settings,,,,,,,,,,,,,,,,,,,,,,,,,,,,,,,,,,,,,,,,,,,,,,,,
w,boiler,z1_heating_activation,Z1 Activation of the heating,,fe,2020,1919,,s,onoff,,,,,,,,,,,,,,,,,,,,,,,,,,,,,,,,,,,,,,
w,boiler,z1_thermoreg_slope,Z1 Thermoregulation slope,,fe,2020,6a71,,s,UIN,100,,,,,,,,,,,,,,,,,,,,,,,,,,,,,,,,,,,,,
# conflict dump_zones_8,,,,,,,,,,,,,,,,,,,,,,,,,,,,,,,,,,,,,,,,,,,,,,,,
w,boiler,z1_thermoreg_offset,Z1 Thermoregulation offset,,fe,2020,6471,,s,SIN,10,°C,,,,,,,,,,,,,,,,,,,,,,,,,,,,,,,,,,,,
w,boiler,z1_room_temp_infl,Z1 Room temp influence,,fe,2020,c279,,s,UCH,,,,,,,,,,,,,,,,,,,,,,,,,,,,,,,,,,,,,,
# conflict dump_zones_1 => read only (shown as a sensor, not as a number entity),,,,,,,,,,,,,,,,,,,,,,,,,,,,,,,,,,,,,,,,,,,,,,,,
#w,boiler,z1_water_max_temp,Z1 Max water temp,,fe,2020,6071,,s,SIN,10,°C,,,,,,,,,,,,,,,,,,,,,,,,,,,,,,,,,,,,
w,boiler,z1_water_min_temp,Z1 Min water temp,,fe,2020,6171,,s,SIN,10,°C,,,,,,,,,,,,,,,,,,,,,,,,,,,,,,,,,,,,
w,boiler,z1_day_temp,Z1 Day temperature,,fe,2020,6271,,s,SIN,10,°C,,,,,,,,,,,,,,,,,,,,,,,,,,,,,,,,,,,,
w,boiler,z1_night_temp,Z1 Night temperature,,fe,2020,6371,,s,SIN,10,°C,,,,,,,,,,,,,,,,,,,,,,,,,,,,,,,,,,,,
# conflict in read mode with thermoregulation_1 => switch to write ?,,,,,,,,,,,,,,,,,,,,,,,,,,,,,,,,,,,,,,,,,,,,,,,,
w,boiler,z1_thermoreg_type,Z1 Thermoregulation type,,fe,2020,c079,,s,thermoreg_type,,,,,,,,,,,,,,,,,,,,,,,,,,,,,,,,,,,,,,
w,boiler,z1_fixed_temp,Z1 Fixed temp,,fe,2020,6571,,s,SIN,10,°C,,,,,,,,,,,,,,,,,,,,,,,,,,,,,,,,,,,,
w,boiler,z1_room_temp,Z1 Room temperature,,fe,2020,7118,,s,SIN,10,°C,,,,,,,,,,,,,,,,,,,,,,,,,,,,,,,,,,,,
,,,,,,,,,,,,,,,,,,,,,,,,,,,,,,,,,,,,,,,,,,,,,,,,
## Z2 settings,,,,,,,,,,,,,,,,,,,,,,,,,,,,,,,,,,,,,,,,,,,,,,,,
w,boiler,z2_heating_activation,Z2 Activation of the heating,,fe,2020,1a19,,s,onoff,,,,,,,,,,,,,,,,,,,,,,,,,,,,,,,,,,,,,,
w,boiler,z2_thermoreg_slope,Z2 Thermoregulation slope,,fe,2020,6a72,,s,UIN,100,,,,,,,,,,,,,,,,,,,,,,,,,,,,,,,,,,,,,
# conflict dump_zones_8,,,,,,,,,,,,,,,,,,,,,,,,,,,,,,,,,,,,,,,,,,,,,,,,
w,boiler,z2_thermoreg_offset,Z2 Thermoregulation offset,,fe,2020,6472,,s,SIN,10,°C,,,,,,,,,,,,,,,,,,,,,,,,,,,,,,,,,,,,
w,boiler,z2_room_temp_infl,Z2 Room temp influence,,fe,2020,c27a,,s,UCH,,,,,,,,,,,,,,,,,,,,,,,,,,,,,,,,,,,,,,
# conflict dump_zones_1 => read only (shown as a sensor, not as a number entity),,,,,,,,,,,,,,,,,,,,,,,,,,,,,,,,,,,,,,,,,,,,,,,,
#w,boiler,z2_water_max_temp,Z2 Max water temp,,fe,2020,6072,,s,SIN,10,°C,,,,,,,,,,,,,,,,,,,,,,,,,,,,,,,,,,,,
w,boiler,z2_water_min_temp,Z2 Min water temp,,fe,2020,6172,,s,SIN,10,°C,,,,,,,,,,,,,,,,,,,,,,,,,,,,,,,,,,,,
w,boiler,z2_day_temp,Z2 Day temperature,,fe,2020,6272,,s,SIN,10,°C,,,,,,,,,,,,,,,,,,,,,,,,,,,,,,,,,,,,
w,boiler,z2_night_temp,Z2 Night temperature,,fe,2020,6372,,s,SIN,10,°C,,,,,,,,,,,,,,,,,,,,,,,,,,,,,,,,,,,,
# conflict in read mode with thermoregulation_1 => switch to write ?,,,,,,,,,,,,,,,,,,,,,,,,,,,,,,,,,,,,,,,,,,,,,,,,
w,boiler,z2_thermoreg_type,Z2 Thermoregulation type,,fe,2020,c07a,,s,thermoreg_type,,,,,,,,,,,,,,,,,,,,,,,,,,,,,,,,,,,,,,
w,boiler,z2_fixed_temp,Z2 Fixed temp,,fe,2020,6572,,s,SIN,10,°C,,,,,,,,,,,,,,,,,,,,,,,,,,,,,,,,,,,,
w,boiler,z2_room_temp,Z2 Room temperature,,fe,2020,7218,,s,SIN,10,°C,,,,,,,,,,,,,,,,,,,,,,,,,,,,,,,,,,,,
,,,,,,,,,,,,,,,,,,,,,,,,,,,,,,,,,,,,,,,,,,,,,,,,
,,,,,,,,,,,,,,,,,,,,,,,,,,,,,,,,,,,,,,,,,,,,,,,,
# Broadcast messages,,,,,,,,,,,,,,,,,,,,,,,,,,,,,,,,,,,,,,,,,,,,,,,,
## Broadcast specific messages with data,,,,,,,,,,,,,,,,,,,,,,,,,,,,,,,,,,,,,,,,,,,,,,,,
# Errors,,,,,,,,,,,,,,,,,,,,,,,,,,,,,,,,,,,,,,,,,,,,,,,,
r,boiler,error_code,Error,,fe,2004,,error_code,s,error_code,,,,zone_status,s,UCH,00=inactive;02=active;01=zone_inactive;03=z1_active;05=z2_active;07=z1_z2_active,,,,,,,,,,,,,,,,,,,,,,,,,,,,,,,
# Every 30s,,,,,,,,,,,,,,,,,,,,,,,,,,,,,,,,,,,,,,,,,,,,,,,,
r,dhw,dhw_real_temp,DHW real temp,37,fe,2010,6147,,s,U3N,10,°C,,,,,,,,,,,,,,,,,,,,,,,,,,,,,,,,,,,,
# Conflict with dhw_real_temp,,,,,,,,,,,,,,,,,,,,,,,,,,,,,,,,,,,,,,,,,,,,,,,,
#r,dhw,dhw_real_temp_boiler_status,DHW real temp and boiler status,37,fe,2010,6147,dhw_real_temp,s,U3N,10,°C,,_c04b,s,IGN:2,,,Boiler status,boiler_status,s,boiler_status,,,,,,,,,,,,,,,,,,,,,,,,,,
# Every 25s,,,,,,,,,,,,,,,,,,,,,,,,,,,,,,,,,,,,,,,,,,,,,,,,
r,dhw,dhw_comfort_mode_status,DHW comfort mode status,37,fe,2010,d746,dhw_comfort_mode_status ,s,BCD:2,0=off;2=on,,,_da46,s,IGN:2,,,unknown,da46,s,UIN,150=UKN,,,_dc46,s,IGN:2,,,unknown,dc46,s,UIN,75=UKN,,,_de46,s,IGN:2,,,unknown,de46,s,UIN,75=UKN,
# Every 5s,,,,,,,,,,,,,,,,,,,,,,,,,,,,,,,,,,,,,,,,,,,,,,,,
# About ‘boiler_status’ repeat : mandatory since we use a template (entity_id will be ebusd_boiler_boiler_status_boiler_status),,,,,,,,,,,,,,,,,,,,,,,,,,,,,,,,,,,,,,,,,,,,,,,,
r,boiler,boiler_status,Boiler status,37,fe,2010,c04b,boiler_status,s,boiler_status,,,,,,,,,,,,,,,,,,,,,,,,,,,,,,,,,,,,,,
# Every 4min,,,,,,,,,,,,,,,,,,,,,,,,,,,,,,,,,,,,,,,,,,,,,,,,
r,boiler,settings_change_counter,Settings change counter,37,fe,2010,d140,,s,UIN,,,,,,,,,,,,,,,,,,,,,,,,,,,,,,,,,,,,,,
# Every 20s,,,,,,,,,,,,,,,,,,,,,,,,,,,,,,,,,,,,,,,,,,,,,,,,
r,boiler,cast_date,Date and time ; ex : 03:31;08.12.2023,37,fe,2070,,hour,s,VTM,,,,date,s,HDA,,,,,,,,,,,,,,,,,,,,,,,,,,,,,,,,
,,,,,,,,,,,,,,,,,,,,,,,,,,,,,,,,,,,,,,,,,,,,,,,,
## Dump registers into broadcast messages,,,,,,,,,,,,,,,,,,,,,,,,,,,,,,,,,,,,,,,,,,,,,,,,
# Every 5s,,,,,,,,,,,,,,,,,,,,,,,,,,,,,,,,,,,,,,,,,,,,,,,,
r,boiler,heat_request_status_1,Heating request status z1-z4,37,fe,2010,0191,z1_heat_request_status,s,BCD:2,0=off;1=on,,,_0291,s,IGN:2,,,,z2_heat_request_status,s,BCD:2,0=off;1=on,,,_0391,s,IGN:2,,,,z3_heat_request_status,s,BCD:2,0=off;1=on,,,_0491,s,IGN:2,,,,z4_heat_request_status,s,BCD:2,0=off;1=on,
r,boiler,heat_request_status_2,Heating request status z5-z7,37,fe,2010,0591,z5_heat_request_status,s,BCD:2,0=off;1=on,,,_0691,s,IGN:2,,,,z6_heat_request_status,s,BCD:2,0=off;1=on,,,_0791,s,IGN:2,,,,z7_heat_request_status,s,BCD:2,0=off;1=on,,,,,,,,,,,,,
,,,,,,,,,,,,,,,,,,,,,,,,,,,,,,,,,,,,,,,,,,,,,,,,
,,,,,,,,,,,,,,,,,,,,,,,,,,,,,,,,,,,,,,,,,,,,,,,,
# Every 25s,,,,,,,,,,,,,,,,,,,,,,,,,,,,,,,,,,,,,,,,,,,,,,,,
r,boiler,hot_water_target_temp_1,Water computed target temp z1-z3,37,fe,2010,6197,z1_target_temp,s,S3N,10,°C,,_6297,s,IGN:2,,,,z2_target_temp,s,S3N,10,°C,,_6397,s,IGN:2,,,,z3_target_temp,s,S3N,10,°C,,,,,,,,,,,,
r,boiler,hot_water_target_temp_2,Water computed target temp z4-z6,37,fe,2010,6497,z4_target_temp,s,S3N,10,°C,,_6497,s,IGN:2,,,,z5_target_temp,s,S3N,10,°C,,_6697,s,IGN:2,,,,z6_target_temp,s,S3N,10,°C,,,,,,,,,,,,
r,boiler,hot_water_target_temp_3,Water computed target temp z7,37,fe,2010,6797,z7_target_temp,s,S3N,10,°C,,,,,,,,,,,,,,,,,,,,,,,,,,,,,,,,,,,,
,,,,,,,,,,,,,,,,,,,,,,,,,,,,,,,,,,,,,,,,,,,,,,,,
,,,,,,,,,,,,,,,,,,,,,,,,,,,,,,,,,,,,,,,,,,,,,,,,
# Every 30min,,,,,,,,,,,,,,,,,,,,,,,,,,,,,,,,,,,,,,,,,,,,,,,,
r,boiler,dump_panel,Heating status,37,fe,2020,0120,heating_status,s,BCD,0=off;1=on,,,_0220,s,IGN:2,,,DHW heating status,dhw_status,s,BCD,0=off;1=on,,,_0520,s,IGN:2,,,SRA status,sra_status,s,BCD,0=off;1=on,,,_0b20,s,IGN:2,,,DHW Thermal Cleansing Function,dhw_thermal_cleansing_mode_status,s,BCD,0=off;1=on,
,,,,,,,,,,,,,,,,,,,,,,,,,,,,,,,,,,,,,,,,,,,,,,,,
,,,,,,,,,,,,,,,,,,,,,,,,,,,,,,,,,,,,,,,,,,,,,,,,
r,boiler,thermoregulation_1,Thermoregulation type z1-z4,37,fe,2020,c079,z1_thermoreg_type,s,thermoreg_type,,,,_c07a,s,IGN:2,,,Z2 Thermoregulation type,z2_thermoreg_type,s,thermoreg_type,,,,_c07b,s,IGN:2,,,Z3 Thermoregulation type,z3_thermoreg_type,s,thermoreg_type,,,,_c07c,s,IGN:2,,,Z4 Thermoregulation type,z4_thermoreg_type,s,thermoreg_type,,
r,boiler,thermoregulation_2,Thermoregulation type z5-z7 ; Room temp influence z1,37,fe,2020,c07d,z5_thermoreg_type,s,thermoreg_type,,,,_c07e,s,IGN:2,,,Z6 Thermoregulation type,z6_thermoreg_type,s,thermoreg_type,,,,_c07f,s,IGN:2,,,Z7 Thermoregulation type,z7_thermoreg_type,s,thermoreg_type,,,,_c279,s,IGN:2,,,Z1 Room temp influence,z1_room_temp_infl,s,UCH,,
r,boiler,thermoregulation_3,Room temp influence z2-z5,37,fe,2020,c27a,z2_room_temp_infl,s,UCH,,,,_c27b,s,IGN:2,,,Z3 Room temp influence,z3_room_temp_infl,s,UCH,,,,_c27c,s,IGN:2,,,Z4 Room temp influence,z4_room_temp_infl,s,UCH,,,,_c27d,s,IGN:2,,,Z5 Room temp influence,z5_room_temp_infl,s,UCH,,
r,boiler,thermoregulation_4,Room temp influence z6-z7 ; Heating request mode z1-z2,37,fe,2020,c27e,z6_room_temp_infl,s,UCH,,,,_c27f,s,IGN:2,,,Z7 Room temp influence,z7_room_temp_infl,s,UCH,,,,_c679,s,IGN:2,,,Z1 Heating request mode,z1_heat_request_mode,s,heat_request_mode,,,,_c67a,s,IGN:2,,,Z2 Heating request mode,z2_heat_request_mode,s,heat_request_mode,,
r,boiler,thermoregulation_5,Heating request mode z3-z6,37,fe,2020,c67b,z3_heat_request_mode,s,heat_request_mode,,,,_c67c,s,IGN:2,,,Z4 Heating request mode,z4_heat_request_mode,s,heat_request_mode,,,,_c67d,s,IGN:2,,,Z5 Heating request mode,z5_heat_request_mode,s,heat_request_mode,,,,_c67e,s,IGN:2,,,Z6 Heating request mode,z6_heat_request_mode,s,heat_request_mode,,
#r,boiler,thermoregulation_6,Heating request mode z7 ; ?,37,fe,2020,c67f,z7_heat_request_mode,s,heat_request_mode,,,,_c979,s,IGN:2,,,Z1,,s,UCH,,,,_c97a,s,IGN:2,,,Z2,,s,UCH,,,,_c97b,s,IGN:2,,,Z3,,s,UCH,,
#r,boiler,thermoregulation_7,Z4,37,fe,2020,c97c,,s,UCH,,,,_c97d,s,IGN:2,,,Z5,,s,UCH,,,,_c97e,s,IGN:2,,,Z6,,s,UCH,,,,_c97f,s,IGN:2,,,Z7,,s,UCH,,
,,,,,,,,,,,,,,,,,,,,,,,,,,,,,,,,,,,,,,,,,,,,,,,,
,,,,,,,,,,,,,,,,,,,,,,,,,,,,,,,,,,,,,,,,,,,,,,,,
r,boiler,heat_temp_ranges_1,Temp range z1-z4,37,fe,2020,0081,z1_heat_temp_range,s,BCD,0=high;1=low,,,_0082,s,IGN:2,,,Z2 Temp range,z2_heat_temp_range,s,BCD,0=high;1=low,,,_0083,s,IGN:2,,,Z3 Temp range,z3_heat_temp_range,s,BCD,0=high;1=low,,,_0084,s,IGN:2,,,Z4 Temp range,z4_heat_temp_range,s,BCD,0=high;1=low,
r,boiler,heat_temp_ranges_2,Temp range z5-z7,37,fe,2020,0085,z5_heat_temp_range,s,BCD,0=high;1=low,,,_0086,s,IGN:2,,,Z6 Temp range,z6_heat_temp_range,s,BCD,0=high;1=low,,,_0087,s,IGN:2,,,Z7 Temp range,z7_heat_temp_range,s,BCD,0=high;1=low,,,,,,,,,,,,,
,,,,,,,,,,,,,,,,,,,,,,,,,,,,,,,,,,,,,,,,,,,,,,,,
,,,,,,,,,,,,,,,,,,,,,,,,,,,,,,,,,,,,,,,,,,,,,,,,
r,boiler,dump_zones_1,Max water temp z1-z4,37,fe,2020,6071,z1_water_max_temp,s,SIN,10,°C,,_6072,s,IGN:2,,,Z2 Max water temp,z2_water_max_temp,s,SIN,10,°C,,_6073,s,IGN:2,,,Z3 Max water temp,z3_water_max_temp,s,SIN,10,°C,,_6074,s,IGN:2,,,Z4 Max water temp,z4_water_max_temp,s,SIN,10,°C
r,boiler,dump_zones_2,Max water temp z5-z7 ; Min water temp z1,37,fe,2020,6075,z5_water_max_temp,s,SIN,10,°C,,_6076,s,IGN:2,,,Z6 Max water temp,z6_water_max_temp,s,SIN,10,°C,,_6077,s,IGN:2,,,Z7 Max water temp,z7_water_max_temp,s,SIN,10,°C,,_6171,s,IGN:2,,,Z1 Min water temp,z1_water_min_temp,s,SIN,10,°C
r,boiler,dump_zones_3,Min water temp z2-z5,37,fe,2020,6172,z2_water_min_temp,s,SIN,10,°C,,_6173,s,IGN:2,,,Z3 Min water temp,z3_water_min_temp,s,SIN,10,°C,,_6174,s,IGN:2,,,Z4 Min water temp,z4_water_min_temp,s,SIN,10,°C,,_6175,s,IGN:2,,,Z5 Min water temp,z5_water_min_temp,s,SIN,10,°C
r,boiler,dump_zones_4,Min water temp z6-z7 ; Day temperature z1-z2,37,fe,2020,6176,z6_water_min_temp,s,SIN,10,°C,,_6177,s,IGN:2,,,Z7 Min water temp,z7_water_min_temp,s,SIN,10,°C,,_6271,s,IGN:2,,,Z1 Day temperature,z1_day_temp,s,SIN,10,°C,,_6272,s,IGN:2,,,Z2 Day temperature,z2_day_temp,s,SIN,10,°C
r,boiler,dump_zones_5,Day temperature z3-z6,37,fe,2020,6273,z3_day_temp,s,SIN,10,°C,,_6274,s,IGN:2,,,Z4 Day temperature,z4_day_temp,s,SIN,10,°C,,_6275,s,IGN:2,,,Z5 Day temperature,z5_day_temp,s,SIN,10,°C,,_6276,s,IGN:2,,,Z6 Day temperature,z6_day_temp,s,SIN,10,°C
r,boiler,dump_zones_6,Day temperature z7 ; Night temperature z1-z3,37,fe,2020,6277,z7_day_temp,s,SIN,10,°C,,_6371,s,IGN:2,,,Z1 Night temperature,z1_night_temp,s,SIN,10,°C,,_6372,s,IGN:2,,,Z2 Night temperature,z2_night_temp,s,SIN,10,°C,,_6373,s,IGN:2,,,Z3 Night temperature,z3_night_temp,s,SIN,10,°C
r,boiler,dump_zones_7,Night temperature z4-z7,37,fe,2020,6374,z4_night_temp,s,SIN,10,°C,,_6173,s,IGN:2,,,Z5 Night temperature,z5_night_temp,s,SIN,10,°C,,_6376,s,IGN:2,,,Z6 Night temperature,z6_night_temp,s,SIN,10,°C,,_6377,s,IGN:2,,,Z7 Night temperature,z7_night_temp,s,SIN,10,°C
r,boiler,dump_zones_8,Thermoregulation offset z1-z4,37,fe,2020,6471,z1_thermoreg_offset,s,SIN,10,°C,,_6472,s,IGN:2,,,Z2 Thermoregulation offset,z2_thermoreg_offset,s,SIN,10,°C,,_6473,s,IGN:2,,,Z3 Thermoregulation offset,z3_thermoreg_offset,s,SIN,10,°C,,_6474,s,IGN:2,,,Z4 Thermoregulation offset,z4_thermoreg_offset,s,SIN,10,°C
r,boiler,dump_zones_9,Thermoregulation offset z5-z7 ; Fixed temp z1,37,fe,2020,6475,z5_thermoreg_offset,s,SIN,10,°C,,_6476,s,IGN:2,,,Z6 Thermoregulation offset,z6_thermoreg_offset,s,SIN,10,°C,,_6477,s,IGN:2,,,Z7 Thermoregulation offset,z7_thermoreg_offset,s,SIN,10,°C,,_6571,s,IGN:2,,,Z1 Fixed temp,z1_fixed_temp,s,SIN,10,°C
r,boiler,dump_zones_10,Fixed temp z2-z5,37,fe,2020,6572,z2_fixed_temp,s,SIN,10,°C,,_6573,s,IGN:2,,,Z3 Fixed temp,z3_fixed_temp,s,SIN,10,°C,,_6574,s,IGN:2,,,Z4 Fixed temp,z4_fixed_temp,s,SIN,10,°C,,_6575,s,IGN:2,,,Z5 Fixed temp,z5_fixed_temp,s,SIN,10,°C
#r,boiler,dump_zones_11,Fixed temp z6-z7,37,fe,2020,6576,z6_fixed_temp,s,SIN,10,°C,,_6577,s,IGN:2,,,Z7 Fixed temp,z7_fixed_temp,s,SIN,10,°C,,_6671,s,IGN:2,,,,,s,SIN,10,°C,,_6672,s,IGN:2,,,,,s,SIN,10,°C
#r,boiler,dump_zones_12,,37,fe,2020,6673,,s,SIN,10,°C,,_6674,s,IGN:2,,,,,s,SIN,10,°C,,_6675,s,IGN:2,,,,,s,SIN,10,°C,,_6676,s,IGN:2,,,,,s,SIN,10,°C
#r,boiler,dump_zones_13,,37,fe,2020,6677,,s,SIN,10,°C,,_6771,s,IGN:2,,,,,s,SIN,10,°C,,_6772,s,IGN:2,,,,,s,SIN,10,°C,,_6773,s,IGN:2,,,,,s,SIN,10,°C
#r,boiler,dump_zones_14,,37,fe,2020,6774,,s,SIN,10,°C,,_6775,s,IGN:2,,,,,s,SIN,10,°C,,_6776,s,IGN:2,,,,,s,SIN,10,°C,,_6777,s,IGN:2,,,,,s,SIN,10,°C
#r,boiler,dump_zones_15,,37,fe,2020,6971,,s,SIN,10,°C,,_6972,s,IGN:2,,,,,s,SIN,10,°C,,_6973,s,IGN:2,,,,,s,SIN,10,°C,,_6974,s,IGN:2,,,,,s,SIN,10,°C
#r,boiler,dump_zones_16,,37,fe,2020,6975,,s,SIN,10,°C,,_6976,s,IGN:2,,,,,s,SIN,10,°C,,_6977,s,IGN:2,,,,,s,SIN,10,°C,,_6a71,s,IGN:2,,,Z1 Thermoregulation slope,z1_thermoreg_slope,s,UIN,100,
r,boiler,dump_zones_17,Thermoregulation slope z2-z5,37,fe,2020,6a72,z2_thermoreg_slope,s,UIN,100,,,_6a73,s,IGN:2,,,Z3 Thermoregulation slope,z3_thermoreg_slope,s,UIN,100,,,_6a74,s,IGN:2,,,Z4 Thermoregulation slope,z4_thermoreg_slope,s,UIN,100,,,_6a75,s,IGN:2,,,Z5 Thermoregulation slope,z5_thermoreg_slope,s,UIN,100,
#r,boiler,dump_zones_18,Thermoregulation slope z6-z7 ;,37,fe,2020,6a76,z6_thermoreg_slope,s,UIN,100,,,_6a77,s,IGN:2,,,Z7 Thermoregulation slope,z7_thermoreg_slope,s,UIN,100,,,_6b71,s,IGN:2,,,,,s,SIN,10,°C,,_6b72,s,IGN:2,,,,,s,SIN,10,°C
#r,boiler,dump_zones_19,,37,fe,2020,6b73,,s,SIN,10,°C,,_6b74,s,IGN:2,,,,,s,SIN,10,°C,,_6b75,s,IGN:2,,,,,s,SIN,10,°C,,_6b76,s,IGN:2,,,,,s,SIN,10,°C
#r,boiler,dump_zones_20,,37,fe,2020,6b77,,s,SIN,10,°C,,_6c71,s,IGN:2,,,,,s,SIN,10,°C,,_6c72,s,IGN:2,,,,,s,SIN,10,°C,,_6c73,s,IGN:2,,,,,s,SIN,10,°C
#r,boiler,dump_zones_21,,37,fe,2020,6c74,,s,SIN,10,°C,,_6c75,s,IGN:2,,,,,s,SIN,10,°C,,_6c76,s,IGN:2,,,,,s,SIN,10,°C,,_6c77,s,IGN:2,,,,,s,SIN,10,°C
,,,,,,,,,,,,,,,,,,,,,,,,,,,,,,,,,,,,,,,,,,,,,,,,
,,,,,,,,,,,,,,,,,,,,,,,,,,,,,,,,,,,,,,,,,,,,,,,,
r,boiler,timer_prog_1_day_part_1,Timer Program part 1,37,fe,2051,0007,day_part_1,s,HEX:12,,,,,,,,,,,,,,,,,,,,,,,,,,,,,,,,,,,,,,
r,boiler,timer_prog_2_day_part_2,Timer Program part 2,37,fe,2051,1007,day_part_2,s,HEX:12,,,,,,,,,,,,,,,,,,,,,,,,,,,,,,,,,,,,,,
r,boiler,timer_prog_3_day_part_1,Timer Program part 1,37,fe,2051,0107,day_part_1,s,HEX:12,,,,,,,,,,,,,,,,,,,,,,,,,,,,,,,,,,,,,,
r,boiler,timer_prog_4_day_part_2,Timer Program part 2,37,fe,2051,1107,day_part_2,s,HEX:12,,,,,,,,,,,,,,,,,,,,,,,,,,,,,,,,,,,,,,
r,boiler,timer_prog_5_day_part_1,Timer Program part 1,37,fe,2051,0207,day_part_1,s,HEX:12,,,,,,,,,,,,,,,,,,,,,,,,,,,,,,,,,,,,,,
r,boiler,timer_prog_6_day_part_2,Timer Program part 2,37,fe,2051,1207,day_part_2,s,HEX:12,,,,,,,,,,,,,,,,,,,,,,,,,,,,,,,,,,,,,,
r,boiler,timer_prog_7_day_part_1,Timer Program part 1,37,fe,2051,0307,day_part_1,s,HEX:12,,,,,,,,,,,,,,,,,,,,,,,,,,,,,,,,,,,,,,
r,boiler,timer_prog_8_day_part_2,Timer Program part 2,37,fe,2051,1307,day_part_2,s,HEX:12,,,,,,,,,,,,,,,,,,,,,,,,,,,,,,,,,,,,,,
r,boiler,timer_prog_9_day_part_1,Timer Program part 1,37,fe,2051,0407,day_part_1,s,HEX:12,,,,,,,,,,,,,,,,,,,,,,,,,,,,,,,,,,,,,,
r,boiler,timer_prog_10_day_part_2,Timer Program part 2,37,fe,2051,1407,day_part_2,s,HEX:12,,,,,,,,,,,,,,,,,,,,,,,,,,,,,,,,,,,,,,
r,boiler,timer_prog_11_day_part_1,Timer Program part 1,37,fe,2051,0507,day_part_1,s,HEX:12,,,,,,,,,,,,,,,,,,,,,,,,,,,,,,,,,,,,,,
r,boiler,timer_prog_12_day_part_2,Timer Program part 2,37,fe,2051,1507,day_part_2,s,HEX:12,,,,,,,,,,,,,,,,,,,,,,,,,,,,,,,,,,,,,,
r,boiler,timer_prog_13_day_part_1,Timer Program part 1,37,fe,2051,0607,day_part_1,s,HEX:12,,,,,,,,,,,,,,,,,,,,,,,,,,,,,,,,,,,,,,
r,boiler,timer_prog_14_day_part_2,Timer Program part 2,37,fe,2051,1607,day_part_2,s,HEX:12,,,,,,,,,,,,,,,,,,,,,,,,,,,,,,,,,,,,,,
,,,,,,,,,,,,,,,,,,,,,,,,,,,,,,,,,,,,,,,,,,,,,,,,
,,,,,,,,,,,,,,,,,,,,,,,,,,,,,,,,,,,,,,,,,,,,,,,,
## Broadcast messages without data,,,,,,,,,,,,,,,,,,,,,,,,,,,,,,,,,,,,,,,,,,,,,,,,
r,broadcast,accept_telegrams_z1_heat_temp_range,Accept telegrams for z1_heat_temp_range,37,fe,2000,0081,,,,,,,,,,,,,,,,,,,,,,,,,,,,,,,,,,,,,,,,,
r,broadcast,accept_telegrams_z2_heat_temp_range,Accept telegrams for z2_heat_temp_range,37,fe,2000,0082,,,,,,,,,,,,,,,,,,,,,,,,,,,,,,,,,,,,,,,,,
r,broadcast,accept_telegrams_z3_heat_temp_range,Accept telegrams for z3_heat_temp_range,37,fe,2000,0083,,,,,,,,,,,,,,,,,,,,,,,,,,,,,,,,,,,,,,,,,
r,broadcast,accept_telegrams_z1_thermoreg_offset,Accept telegrams for z1_thermoreg_offset,37,fe,2000,6471,,,,,,,,,,,,,,,,,,,,,,,,,,,,,,,,,,,,,,,,,
r,broadcast,accept_telegrams_z2_thermoreg_offset,Accept telegrams for z2_thermoreg_offset,37,fe,2000,6472,,,,,,,,,,,,,,,,,,,,,,,,,,,,,,,,,,,,,,,,,
r,broadcast,accept_telegrams_z3_thermoreg_offset,Accept telegrams for z3_thermoreg_offset,37,fe,2000,6473,,,,,,,,,,,,,,,,,,,,,,,,,,,,,,,,,,,,,,,,,
r,broadcast,accept_telegrams_z1_fixed_temp,Accept telegrams for z1_fixed_temp,37,fe,2000,6571,,,,,,,,,,,,,,,,,,,,,,,,,,,,,,,,,,,,,,,,,
r,broadcast,accept_telegrams_z2_fixed_temp,Accept telegrams for z2_fixed_temp,37,fe,2000,6572,,,,,,,,,,,,,,,,,,,,,,,,,,,,,,,,,,,,,,,,,
r,broadcast,accept_telegrams_z3_fixed_temp,Accept telegrams for z3_fixed_temp,37,fe,2000,6573,,,,,,,,,,,,,,,,,,,,,,,,,,,,,,,,,,,,,,,,,
r,broadcast,accept_telegrams_domestic_hot_water_temp,Accept telegrams for domestic_hot_water_temp,37,fe,2000,6147,,,,,,,,,,,,,,,,,,,,,,,,,,,,,,,,,,,,,,,,,
r,broadcast,accept_telegrams_heating_status,Accept telegrams for heating_status,37,fe,2000,0120,,,,,,,,,,,,,,,,,,,,,,,,,,,,,,,,,,,,,,,,,
r,broadcast,accept_telegrams_dhw_status,Accept telegrams for dhw_status,37,fe,2000,0220,,,,,,,,,,,,,,,,,,,,,,,,,,,,,,,,,,,,,,,,,
r,broadcast,accept_telegrams_sra_status,Accept telegrams for sra_status,37,fe,2000,0520,,,,,,,,,,,,,,,,,,,,,,,,,,,,,,,,,,,,,,,,,
r,broadcast,accept_telegrams_dhw_comfort_mode_status,Accept telegrams for DHW comfort mode,37,fe,2000,c028,,,,,,,,,,,,,,,,,,,,,,,,,,,,,,,,,,,,,,,,,
r,broadcast,accept_telegrams_external_temp,Accept telegrams for External temp,37,fe,2000,7647,,,,,,,,,,,,,,,,,,,,,,,,,,,,,,,,,,,,,,,,,
#,,,,37,,,6047,?,,,,,,,,,,,,,,,,,,,,,,,,,,,,,,,,,,,,,,,,
#,,,,37,,,6d26,,,,,,,,,,,,,,,,,,,,,,,,,,,,,,,,,,,,,,,,,
#,,,,37,,,7f97,,,,,,,,,,,,,,,,,,,,,,,,,,,,,,,,,,,,,,,,,
r,broadcast,accept_telegrams_z1_heat_request_mode,Accept telegrams for z1_heat_request_mode,37,fe,2000,c679,,,,,,,,,,,,,,,,,,,,,,,,,,,,,,,,,,,,,,,,,
r,broadcast,accept_telegrams_z2_heat_request_mode,Accept telegrams for z2_heat_request_mode,37,fe,2000,c67a,,,,,,,,,,,,,,,,,,,,,,,,,,,,,,,,,,,,,,,,,
r,broadcast,accept_telegrams_z3_heat_request_mode,Accept telegrams for z3_heat_request_mode,37,fe,2000,c67b,,,,,,,,,,,,,,,,,,,,,,,,,,,,,,,,,,,,,,,,,
r,broadcast,accept_thermoreg_type,Accept telegrams for thermoreg_type,37,fe,2000,c079,,,,,,,,,,,,,,,,,,,,,,,,,,,,,,,,,,,,,,,,,
r,broadcast,accept_dhw_target_temp,Accept telegrams for dhw_target_temp,37,fe,2001,6126,,,,,,,,,,,,,,,,,,,,,,,,,,,,,,,,,,,,,,,,,
r,broadcast,accept_z1_thermoreg_slope,Accept telegrams for z1 heat slope,37,fe,2010,6a71,,,,,,,,,,,,,,,,,,,,,,,,,,,,,,,,,,,,,,,,,
r,broadcast,accept_z1_water_max_temp,Accept telegrams for heat water max temp,37,fe,2010,6071,,,,,,,,,,,,,,,,,,,,,,,,,,,,,,,,,,,,,,,,,
r,broadcast,accept_z1_water_min_temp ,Accept telegrams for heat water min temp,37,fe,2010,6171,,,,,,,,,,,,,,,,,,,,,,,,,,,,,,,,,,,,,,,,,
r,broadcast,accept_telegrams_z1_thermoreg_offset_2010,Accept telegrams for z1_thermoreg_offset,37,fe,2010,6471,,,,,,,,,,,,,,,,,,,,,,,,,,,,,,,,,,,,,,,,,
r,broadcast,accept_telegrams_z2_thermoreg_offset_2010,Accept telegrams for z2_thermoreg_offset,37,fe,2010,6472,,,,,,,,,,,,,,,,,,,,,,,,,,,,,,,,,,,,,,,,,
r,broadcast,accept_telegrams_z3_thermoreg_offset_2010,Accept telegrams for z3_thermoreg_offset,37,fe,2010,6473,,,,,,,,,,,,,,,,,,,,,,,,,,,,,,,,,,,,,,,,,
r,broadcast,accept_telegrams_z1_fixed_temp_2010,Accept telegrams for z1_fixed_temp,37,fe,2010,6571,,,,,,,,,,,,,,,,,,,,,,,,,,,,,,,,,,,,,,,,,
r,broadcast,accept_telegrams_z2_fixed_temp_2010,Accept telegrams for z2_fixed_temp,37,fe,2010,6572,,,,,,,,,,,,,,,,,,,,,,,,,,,,,,,,,,,,,,,,,
r,broadcast,accept_telegrams_z3_fixed_temp_2010,Accept telegrams for z3_fixed_temp,37,fe,2010,6573,,,,,,,,,,,,,,,,,,,,,,,,,,,,,,,,,,,,,,,,,
,,,,,,,,,,,,,,,,,,,,,,,,,,,,,,,,,,,,,,,,,,,,,,,,
# SAV Menu,,,,,,,,,,,,,,,,,,,,,,,,,,,,,,,,,,,,,,,,,,,,,,,,
r,boiler,boiler_type,Boiler Type,,3c,2000,c428,,s,IGN:1,,,,,s,UCH,0=mixed_instant;1=ext_tank_ntc;2=ext_tank_thermostat;3=micro_storage;4=stratification_storage;6=storage,,,,,,,,,,,,,,,,,,,,,,,,,,,,,,,
r,boiler,nominal_power,Nominal Power,,3c,2000,6829,,s,IGN:1,,,,,s,UCH,,kW,,,,,,,,,,,,,,,,,,,,,,,,,,,,,,
r,boiler,dhw_max_power_pct,DHW Bolier Max Power PCT,,3c,2000,6229,,s,IGN:1,,,,,s,UCH,,pct,,,,,,,,,,,,,,,,,,,,,,,,,,,,,,
r,boiler,heat_min_power_pct,Heating Bolier Min Power PCT,,3c,2000,6429,,s,IGN:1,,,,,s,UCH,,pct,,,,,,,,,,,,,,,,,,,,,,,,,,,,,,
r,boiler,heat_max_power_pct,Heating Bolier Max Power PCT,,3c,2000,6329,,s,IGN:1,,,,,s,UCH,,pct,,,,,,,,,,,,,,,,,,,,,,,,,,,,,,
r,boiler,pressure_monitoring_device,Pressure Monitoring Device,,3c,2000,c328,,s,IGN:1,,,,,s,UCH,0=temp_probe;1=pressure_switch;2=pressure_sensor,,,,,,,,,,,,,,,,,,,,,,,,,,,,,,,
,,,,,,,,,,,,,,,,,,,,,,,,,,,,,,,,,,,,,,,,,,,,,,,,
,,,,,,,,,,,,,,,,,,,,,,,,,,,,,,,,,,,,,,,,,,,,,,,,
# Easy Control Bus Zone 1: master/slave : 70/75,,,,,,,,,,,,,,,,,,,,,,,,,,,,,,,,,,,,,,,,,,,,,,,,
# Sent every minute : See cast_slave_addr message,,,,,,,,,,,,,,,,,,,,,,,,,,,,,,,,,,,,,,,,,,,,,,,,
# Sent every 10 minutes,,,,,,,,,,,,,,,,,,,,,,,,,,,,,,,,,,,,,,,,,,,,,,,,
#r,,,,70,fe,200f,6997,Always c800=20°C ?,s,SIN,10,°C,?,_02,s,IGN,,,,,,,,,,,,,,,,,,,,,,,,,,,,,,,,
# Sent every 2 minutes,,,,,,,,,,,,,,,,,,,,,,,,,,,,,,,,,,,,,,,,,,,,,,,,
w,easy_control_bus,z1_room_temp,Z1 Room temperature,70,fe,2010,7118,,s,SIN,10,°C,Zone number,_01,s,IGN,,,,,,,,,,,,,,,,,,,,,,,,,,,,,,,,
# Sent every 30 seconds,,,,,,,,,,,,,,,,,,,,,,,,,,,,,,,,,,,,,,,,,,,,,,,,
w,easy_control_bus,z1_heat_request,Z1 Heating Request,70,fe,2010,1919,,s,BCD,0=off;1=on,,Zone number,_01,s,IGN,,,,,,,,,,,,,,,,,,,,,,,,,,,,,,,,
,,,,,,,,,,,,,,,,,,,,,,,,,,,,,,,,,,,,,,,,,,,,,,,,
,,,,,,,,,,,,,,,,,,,,,,,,,,,,,,,,,,,,,,,,,,,,,,,,
# Easy Control Bus Zone 2: master/slave : f0/f5,,,,,,,,,,,,,,,,,,,,,,,,,,,,,,,,,,,,,,,,,,,,,,,,
# Sent every minute : See cast_slave_addr message,,,,,,,,,,,,,,,,,,,,,,,,,,,,,,,,,,,,,,,,,,,,,,,,
# Sent every 2 minutes,,,,,,,,,,,,,,,,,,,,,,,,,,,,,,,,,,,,,,,,,,,,,,,,
w,easy_control_bus,z2_room_temp,Z2 Room temperature,f0,fe,2010,7218,,s,SIN,10,°C,Zone number,_02,s,IGN,,,,,,,,,,,,,,,,,,,,,,,,,,,,,,,,
# Sent every 30 seconds,,,,,,,,,,,,,,,,,,,,,,,,,,,,,,,,,,,,,,,,,,,,,,,,
w,easy_control_bus,z2_heat_request,Z2 Heating Request,f0,fe,2010,1a19,,s,BCD,0=off;1=on,,Zone number,_02,s,IGN,,,,,,,,,,,,,,,,,,,,,,,,,,,,,,,,
,,,,,,,,,,,,,,,,,,,,,,,,,,,,,,,,,,,,,,,,,,,,,,,,
,,,,,,,,,,,,,,,,,,,,,,,,,,,,,,,,,,,,,,,,,,,,,,,,
# Easy Control Bus Zone 3: master/slave : 01/06,,,,,,,,,,,,,,,,,,,,,,,,,,,,,,,,,,,,,,,,,,,,,,,,
# Sent every minute : See cast_slave_addr message,,,,,,,,,,,,,,,,,,,,,,,,,,,,,,,,,,,,,,,,,,,,,,,,
# Sent every 2 minutes,,,,,,,,,,,,,,,,,,,,,,,,,,,,,,,,,,,,,,,,,,,,,,,,
w,easy_control_bus,z3_room_temp,Z3 Room temperature,01,fe,2010,7318,,s,SIN,10,°C,Zone number,_03,s,IGN,,,,,,,,,,,,,,,,,,,,,,,,,,,,,,,,
# Sent every 30 seconds,,,,,,,,,,,,,,,,,,,,,,,,,,,,,,,,,,,,,,,,,,,,,,,,
w,easy_control_bus,z3_heat_request,Z3 Heating Request,01,fe,2010,1b19,,s,BCD,0=off;1=on,,Zone number,_03,s,IGN,,,,,,,,,,,,,,,,,,,,,,,,,,,,,,,,
